{"card_amount":[9,8,5,5,3,3,1,1,4,3,3,5,1,2,79,106,85,86,83,84,87,78,76,63,89,81,72,86,92,79,97,69,93,89,83],"draw_detail":[3.7857142857142856,83.66666666666667],"total":362,"reward":[133,13,7,3,0,0,115,73,9,9],"card_chart":[52,272,38],"update_time":"2021-08-12T23:11:02.992Z"}