{"card_amount":[7,6,4,3,1,3,1,0,2,2,2,4,1,1,55,78,55,59,60,55,57,59,51,41,65,58,47,60,67,60,62,56,64,63,61],"draw_detail":[2.642857142857143,58.714285714285715],"total":254,"reward":[98,11,7,2,0,0,73,54,3,6],"card_chart":[36,188,30],"update_time":"2021-08-05T15:17:25.093Z"}