{"card_amount":[9,10,5,5,4,3,4,2,4,3,3,6,1,2,84,113,91,91,86,87,96,88,83,71,95,85,81,89,103,89,110,80,102,98,87],"draw_detail":[4.357142857142857,90.9047619047619],"total":394,"reward":[146,14,7,4,0,0,125,78,10,10],"card_chart":[60,293,41],"update_time":"2021-10-07T04:15:10.129Z"}