{"card_amount":[9,9,5,5,4,3,4,2,4,3,3,6,1,2,83,110,90,90,86,87,94,87,82,71,93,85,80,89,102,86,110,79,98,96,87],"draw_detail":[4.285714285714286,89.76190476190476],"total":389,"reward":[146,14,7,4,0,0,123,76,10,9],"card_chart":[59,289,41],"update_time":"2021-09-03T16:16:55.505Z"}