{"card_amount":[9,8,5,4,3,3,1,1,2,3,3,5,1,2,77,98,79,82,80,79,79,74,72,59,84,76,66,81,89,76,93,64,91,82,79],"draw_detail":[3.5714285714285716,79.04761904761905],"total":342,"reward":[125,12,7,3,0,0,108,72,7,8],"card_chart":[49,258,35],"update_time":"2021-08-11T20:11:27.008Z"}