{"card_amount":[9,6,5,4,3,3,1,1,2,3,2,5,1,1,70,94,76,79,76,75,75,73,69,57,81,72,62,77,87,73,91,63,87,79,73],"draw_detail":[3.2857142857142856,75.66666666666667],"total":327,"reward":[120,12,7,3,0,0,101,72,5,7],"card_chart":[45,249,33],"update_time":"2021-08-09T12:17:52.222Z"}