{"card_amount":[7,6,5,3,1,3,1,0,2,2,2,4,1,1,63,82,66,63,71,65,68,64,55,51,74,64,53,69,76,65,74,62,73,68,66],"draw_detail":[2.7142857142857144,66.28571428571429],"total":286,"reward":[108,12,7,2,0,0,85,61,5,6],"card_chart":[37,218,31],"update_time":"2021-08-09T04:14:25.390Z"}