{"card_amount":[9,8,5,5,3,3,1,1,4,3,3,5,1,2,79,106,85,86,84,85,87,79,77,64,89,81,73,86,92,80,98,70,93,89,84],"draw_detail":[3.7857142857142856,84.14285714285714],"total":364,"reward":[134,13,7,3,0,0,116,73,9,9],"card_chart":[52,274,38],"update_time":"2021-08-13T23:11:00.207Z"}