{"card_amount":[9,10,5,5,4,3,4,2,4,3,3,6,1,2,84,113,91,91,86,87,96,88,83,71,94,85,80,89,103,88,110,80,101,97,87],"draw_detail":[4.357142857142857,90.66666666666667],"total":393,"reward":[146,14,7,4,0,0,124,78,10,10],"card_chart":[60,292,41],"update_time":"2021-09-12T04:14:42.462Z"}