{"card_amount":[7,6,4,3,1,3,1,0,2,2,2,4,1,1,58,79,59,61,64,58,62,60,55,46,68,60,51,64,69,60,69,57,67,63,63],"draw_detail":[2.642857142857143,61.57142857142857],"total":266,"reward":[101,12,7,2,0,0,79,56,3,6],"card_chart":[36,200,30],"update_time":"2021-08-05T17:18:47.192Z"}