{"card_amount":[9,8,5,5,4,3,4,2,4,3,3,6,1,2,81,107,88,89,85,87,93,85,79,69,92,85,77,89,98,86,109,77,96,93,86],"draw_detail":[4.214285714285714,88.14285714285714],"total":382,"reward":[143,14,7,3,0,0,120,76,10,9],"card_chart":[58,285,39],"update_time":"2021-08-29T16:16:04.958Z"}