{"card_amount":[9,8,5,4,3,3,1,1,3,3,3,5,1,2,77,98,80,83,80,79,80,74,72,60,84,77,67,82,89,76,93,65,91,83,79],"draw_detail":[3.642857142857143,79.47619047619048],"total":344,"reward":[127,12,7,3,0,0,108,72,7,8],"card_chart":[50,259,35],"update_time":"2021-08-11T22:11:05.361Z"}