{"card_amount":[9,8,5,5,3,3,2,1,4,3,3,5,1,2,80,106,85,87,84,85,89,79,78,64,89,81,73,86,93,80,100,70,94,89,84],"draw_detail":[3.857142857142857,84.57142857142857],"total":366,"reward":[136,13,7,3,0,0,116,73,9,9],"card_chart":[53,275,38],"update_time":"2021-08-17T22:11:17.160Z"}