{"card_amount":[9,10,5,5,4,3,4,2,4,3,3,6,1,2,84,111,91,91,86,87,95,87,82,71,94,85,80,89,103,87,110,79,99,96,87],"draw_detail":[4.357142857142857,90.19047619047619],"total":391,"reward":[146,14,7,4,0,0,124,76,10,10],"card_chart":[60,290,41],"update_time":"2021-09-04T01:53:27.061Z"}