{"card_amount":[9,8,5,5,3,3,1,1,4,3,3,5,1,2,78,104,85,85,83,83,84,78,74,61,87,80,71,85,92,79,94,67,91,88,83],"draw_detail":[3.7857142857142856,82.47619047619048],"total":357,"reward":[130,12,7,3,0,0,115,73,9,8],"card_chart":[52,267,38],"update_time":"2021-08-12T05:09:43.875Z"}