{"card_amount":[7,6,4,3,1,3,1,0,2,2,2,4,1,1,61,82,64,62,66,64,66,61,55,50,72,64,52,68,74,63,72,62,72,67,66],"draw_detail":[2.642857142857143,64.9047619047619],"total":280,"reward":[106,12,7,2,0,0,82,61,4,6],"card_chart":[36,213,31],"update_time":"2021-08-06T11:09:16.793Z"}