{"card_amount":[9,7,5,4,3,3,1,1,2,3,3,5,1,1,72,96,78,80,78,76,77,73,71,58,84,74,64,79,87,74,92,64,89,81,75],"draw_detail":[3.4285714285714284,77.23809523809524],"total":334,"reward":[122,12,7,3,0,0,105,72,6,7],"card_chart":[47,252,35],"update_time":"2021-08-10T01:56:41.350Z"}