{"card_amount":[7,6,4,3,1,3,1,0,2,2,2,4,1,1,60,81,64,62,65,62,65,61,55,50,72,64,52,67,74,63,72,61,71,67,65],"draw_detail":[2.642857142857143,64.42857142857143],"total":278,"reward":[105,12,7,2,0,0,82,60,4,6],"card_chart":[36,211,31],"update_time":"2021-08-06T07:10:12.938Z"}