{"card_amount":[7,6,4,3,1,3,1,0,2,2,2,4,1,1,61,81,64,62,66,63,65,61,55,50,72,64,52,68,74,63,72,62,71,67,65],"draw_detail":[2.642857142857143,64.66666666666667],"total":279,"reward":[105,12,7,2,0,0,82,61,4,6],"card_chart":[36,212,31],"update_time":"2021-08-06T09:11:24.528Z"}