{"card_amount":[7,6,4,3,1,3,1,0,2,2,2,4,1,1,62,82,64,62,67,64,67,61,55,50,73,64,52,68,74,64,72,62,72,67,66],"draw_detail":[2.642857142857143,65.14285714285714],"total":281,"reward":[106,12,7,2,0,0,82,61,5,6],"card_chart":[36,214,31],"update_time":"2021-08-06T18:13:27.192Z"}