{"card_amount":[9,8,5,5,3,3,2,1,4,3,3,5,1,2,79,106,85,86,84,85,88,79,78,64,89,81,73,86,93,80,99,70,93,89,84],"draw_detail":[3.857142857142857,84.33333333333333],"total":365,"reward":[135,13,7,3,0,0,116,73,9,9],"card_chart":[53,274,38],"update_time":"2021-08-15T18:12:56.042Z"}