{"card_amount":[7,6,5,3,1,3,1,0,2,2,2,4,1,1,63,82,66,63,71,65,67,64,55,51,73,64,52,69,76,64,73,62,73,68,66],"draw_detail":[2.7142857142857144,66.04761904761905],"total":285,"reward":[107,12,7,2,0,0,85,61,5,6],"card_chart":[37,217,31],"update_time":"2021-08-08T19:08:40.052Z"}