{"card_amount":[9,8,5,4,3,3,1,1,2,3,3,5,1,2,77,98,79,82,80,79,79,73,72,59,84,76,65,80,89,76,92,64,91,82,78],"draw_detail":[3.5714285714285716,78.80952380952381],"total":341,"reward":[124,12,7,3,0,0,108,72,7,8],"card_chart":[49,257,35],"update_time":"2021-08-11T19:09:02.926Z"}