{"card_amount":[9,8,5,4,3,3,1,1,3,3,3,5,1,2,78,101,83,84,82,81,81,75,73,60,84,78,68,84,90,79,93,66,91,86,82],"draw_detail":[3.642857142857143,80.9047619047619],"total":350,"reward":[128,12,7,3,0,0,111,72,9,8],"card_chart":[50,263,37],"update_time":"2021-08-12T00:37:22.237Z"}