{"card_amount":[9,8,5,5,4,3,4,2,4,3,3,6,1,2,81,107,88,89,85,87,93,84,79,69,91,85,77,88,98,85,109,76,96,93,86],"draw_detail":[4.214285714285714,87.9047619047619],"total":381,"reward":[142,14,7,3,0,0,120,76,10,9],"card_chart":[58,284,39],"update_time":"2021-08-24T01:48:32.064Z"}