{"card_amount":[9,7,5,4,3,3,1,1,2,3,3,5,1,1,70,96,78,79,77,75,76,73,69,57,83,72,64,78,87,74,92,64,88,81,74],"draw_detail":[3.4285714285714284,76.52380952380952],"total":331,"reward":[122,12,7,3,0,0,103,72,5,7],"card_chart":[47,250,34],"update_time":"2021-08-09T14:10:12.101Z"}