{"card_amount":[9,7,5,4,3,3,1,1,2,3,3,5,1,1,71,96,78,79,77,75,76,73,70,58,83,73,64,78,87,74,92,64,88,81,75],"draw_detail":[3.4285714285714284,76.76190476190476],"total":332,"reward":[122,12,7,3,0,0,104,72,5,7],"card_chart":[47,251,34],"update_time":"2021-08-09T22:10:40.808Z"}