{"card_amount":[9,8,5,5,4,3,4,2,4,3,3,6,1,2,81,107,88,89,85,87,93,84,79,68,91,84,76,88,97,85,109,76,96,92,86],"draw_detail":[4.214285714285714,87.66666666666667],"total":380,"reward":[142,14,7,3,0,0,120,76,9,9],"card_chart":[58,283,39],"update_time":"2021-08-23T05:09:52.932Z"}