{"card_amount":[9,8,5,5,4,3,4,2,4,3,3,6,1,2,83,110,89,90,85,87,94,87,80,70,93,85,78,89,101,86,109,78,96,94,87],"draw_detail":[4.214285714285714,89.0952380952381],"total":386,"reward":[144,14,7,3,0,0,123,76,10,9],"card_chart":[58,287,41],"update_time":"2021-09-03T13:18:11.117Z"}