{"card_amount":[9,8,5,5,3,3,1,1,3,3,3,5,1,2,78,103,84,84,83,82,82,76,73,60,86,79,69,85,91,79,93,66,91,87,82],"draw_detail":[3.7142857142857144,81.57142857142857],"total":353,"reward":[128,12,7,3,0,0,113,73,9,8],"card_chart":[51,264,38],"update_time":"2021-08-12T02:22:20.434Z"}