{"card_amount":[9,8,5,5,3,3,1,1,3,3,3,5,1,2,78,103,84,84,83,82,82,76,73,60,85,78,69,84,90,79,93,66,91,86,82],"draw_detail":[3.7142857142857144,81.33333333333333],"total":352,"reward":[128,12,7,3,0,0,112,73,9,8],"card_chart":[51,264,37],"update_time":"2021-08-12T01:53:02.841Z"}