{"card_amount":[9,9,5,5,4,3,4,2,4,3,3,6,1,2,83,110,89,90,86,87,94,87,82,71,93,85,80,89,101,86,109,78,97,96,87],"draw_detail":[4.285714285714286,89.52380952380952],"total":388,"reward":[145,14,7,4,0,0,123,76,10,9],"card_chart":[59,288,41],"update_time":"2021-09-03T14:10:21.978Z"}