{"card_amount":[7,6,4,3,1,3,1,0,2,2,2,4,1,1,58,80,61,62,64,60,63,61,55,47,70,62,51,66,72,61,70,59,68,65,63],"draw_detail":[2.642857142857143,62.76190476190476],"total":271,"reward":[102,12,7,2,0,0,81,58,3,6],"card_chart":[36,204,31],"update_time":"2021-08-05T20:11:43.944Z"}