{"card_amount":[8,6,5,4,3,3,1,1,2,3,2,5,1,1,70,92,74,77,75,74,74,72,68,57,81,71,62,77,87,73,88,63,86,77,72],"draw_detail":[3.2142857142857144,74.76190476190476],"total":323,"reward":[118,12,7,3,0,0,101,70,5,7],"card_chart":[44,246,33],"update_time":"2021-08-09T10:12:27.657Z"}