{"card_amount":[9,8,5,5,4,3,4,2,4,3,3,5,1,2,81,107,87,89,85,86,91,81,79,67,91,83,75,87,97,83,104,74,95,90,85],"draw_detail":[4.142857142857143,86.52380952380952],"total":375,"reward":[140,14,7,3,0,0,119,74,9,9],"card_chart":[57,280,38],"update_time":"2021-08-23T03:11:47.147Z"}