{"card_amount":[9,10,5,5,4,3,4,2,4,3,3,6,1,2,84,112,91,91,86,87,95,87,83,71,94,85,80,89,103,87,110,80,100,97,87],"draw_detail":[4.357142857142857,90.42857142857143],"total":392,"reward":[146,14,7,4,0,0,124,77,10,10],"card_chart":[60,291,41],"update_time":"2021-09-10T10:12:14.904Z"}