{"card_amount":[7,6,4,3,1,3,1,0,2,2,2,4,1,1,62,82,65,63,69,64,67,63,55,51,73,64,52,68,76,64,73,62,72,67,66],"draw_detail":[2.642857142857143,65.61904761904762],"total":283,"reward":[107,12,7,2,0,0,83,61,5,6],"card_chart":[36,216,31],"update_time":"2021-08-07T19:08:41.507Z"}