{"card_amount":[9,8,5,5,3,3,1,1,4,3,3,5,1,2,79,106,85,86,83,84,86,78,76,62,89,81,71,86,92,79,96,69,92,89,83],"draw_detail":[3.7857142857142856,83.42857142857143],"total":361,"reward":[132,13,7,3,0,0,115,73,9,9],"card_chart":[52,271,38],"update_time":"2021-08-12T07:10:22.441Z"}