{"card_amount":[7,6,5,4,3,3,1,0,2,3,2,5,1,1,68,90,72,75,74,74,74,70,65,57,81,70,62,77,86,72,86,63,83,77,71],"draw_detail":[3.0714285714285716,73.66666666666667],"total":318,"reward":[116,12,7,3,0,0,98,70,5,7],"card_chart":[42,243,33],"update_time":"2021-08-09T09:12:00.169Z"}