{"card_amount":[9,8,5,5,3,3,1,1,4,3,3,5,1,2,79,105,85,85,83,84,85,78,74,61,89,81,71,85,92,79,95,67,92,89,83],"draw_detail":[3.7857142857142856,82.95238095238095],"total":359,"reward":[131,12,7,3,0,0,115,73,9,9],"card_chart":[52,269,38],"update_time":"2021-08-12T06:14:06.233Z"}