{"card_amount":[9,8,5,5,4,3,4,2,4,3,3,6,1,2,81,107,87,89,85,86,93,83,79,67,91,83,76,88,97,84,107,75,95,92,86],"draw_detail":[4.214285714285714,87.19047619047619],"total":378,"reward":[141,14,7,3,0,0,119,76,9,9],"card_chart":[58,281,39],"update_time":"2021-08-23T04:14:56.100Z"}