{"card_amount":[9,8,5,4,3,3,1,1,3,3,3,5,1,2,77,100,81,83,81,80,81,74,72,60,84,77,67,82,90,76,93,65,91,84,81],"draw_detail":[3.642857142857143,79.95238095238095],"total":346,"reward":[127,12,7,3,0,0,110,72,7,8],"card_chart":[50,260,36],"update_time":"2021-08-11T23:11:05.859Z"}