{"card_amount":[7,6,4,3,1,3,1,0,2,2,2,4,1,1,63,82,66,63,70,65,67,63,55,51,73,64,52,68,76,64,73,62,72,68,66],"draw_detail":[2.642857142857143,65.85714285714286],"total":284,"reward":[107,12,7,2,0,0,84,61,5,6],"card_chart":[36,217,31],"update_time":"2021-08-08T05:09:33.464Z"}