{"card_amount":[7,6,4,3,1,3,1,0,2,2,2,4,1,1,59,81,61,62,64,60,65,61,55,49,70,63,52,67,74,61,72,61,70,66,65],"draw_detail":[2.642857142857143,63.714285714285715],"total":275,"reward":[103,12,7,2,0,0,81,60,4,6],"card_chart":[36,208,31],"update_time":"2021-08-06T05:09:50.134Z"}