{"card_amount":[9,8,5,5,3,3,3,1,4,3,3,5,1,2,80,106,85,88,84,85,89,79,78,64,89,81,74,86,94,81,100,70,94,89,84],"draw_detail":[3.9285714285714284,84.76190476190476],"total":367,"reward":[136,14,7,3,0,0,116,73,9,9],"card_chart":[54,275,38],"update_time":"2021-08-22T01:51:20.613Z"}