{"card_amount":[9,8,5,5,3,3,1,1,4,3,3,5,1,2,79,106,85,86,83,85,87,78,76,63,89,81,73,86,92,80,98,69,93,89,84],"draw_detail":[3.7857142857142856,83.9047619047619],"total":363,"reward":[133,13,7,3,0,0,116,73,9,9],"card_chart":[52,273,38],"update_time":"2021-08-13T18:13:19.809Z"}