{"card_amount":[9,10,5,5,4,3,4,2,4,3,3,6,1,2,83,111,91,90,86,87,94,87,82,71,93,85,80,89,103,87,110,79,98,96,87],"draw_detail":[4.357142857142857,89.95238095238095],"total":390,"reward":[146,14,7,4,0,0,124,76,10,9],"card_chart":[60,289,41],"update_time":"2021-09-03T20:11:54.375Z"}