{"card_amount":[7,6,4,3,1,3,1,0,2,2,2,4,1,1,56,79,57,59,62,55,60,59,52,44,66,60,50,63,68,60,65,57,66,63,62],"draw_detail":[2.642857142857143,60.142857142857146],"total":260,"reward":[100,12,7,2,0,0,76,54,3,6],"card_chart":[36,194,30],"update_time":"2021-08-05T16:22:24.036Z"}