{"card_amount":[9,8,5,5,3,3,1,1,3,3,3,5,1,2,78,104,84,85,83,82,83,77,73,61,87,79,70,85,92,79,93,67,91,88,82],"draw_detail":[3.7142857142857144,82.04761904761905],"total":355,"reward":[129,12,7,3,0,0,114,73,9,8],"card_chart":[51,266,38],"update_time":"2021-08-12T04:14:20.556Z"}